营销费用,生产费用,多路复用覆盖,预算,电影长度,男主演评分,女主角评分,导演级别,生产者评级,预告,是否3D,花费时间,推特标签,类型,演员平均年龄,数字多路复用,作品集,启动科技奥斯卡,评论家评分
Marketing expense,Production expense,Multiplex coverage,Budget,Movie_length,Lead_ Actor_Rating,Lead_Actress_rating,Director_rating,Producer_rating,Trailer_views,3D_available,Time_taken,Twitter_hastags,Genre,Avg_age_actors,Num_multiplex,Collection,Start_Tech_Oscar,Critic_rating
20.1264,59.62,0.462,36524.125,138.7,7.825,8.095,7.91,7.995,527367,YES,109.6,223.84,Thriller,23,494,48000,1,7.94
20.5462,69.14,0.531,35668.655,152.4,7.505,7.65,7.44,7.47,494055,NO,146.64,243.456,Drama,42,462,43200,0,7.44
20.5458,69.14,0.531,39912.675,134.6,7.485,7.57,7.495,7.515,547051,NO,147.88,2022.4,Comedy,38,458,69400,1,7.44
20.6474,59.36,0.542,38873.89,119.3,6.895,7.035,6.92,7.02,516279,YES,185.36,225.344,Drama,45,472,66800,1,8.26
21.381,59.36,0.542,39701.585,127.7,6.92,7.07,6.815,7.07,531448,NO,176.48,225.792,Drama,55,395,72400,1,8.26
20.597,59.36,0.542,35718.65,132.2,6.89,7.1,6.885,7.005,498425,YES,143.48,284.592,Comedy,53,460,57400,0,7.26
21.7658,70.74,0.476,33396.66,140.1,7.065,7.265,7.15,7.4,459241,YES,139.16,243.664,Thriller,41,522,45800,0,8.96
22.891,70.74,0.476,34285.46,169.6,6.98,7.075,6.875,7.17,400821,NO,116.84,243.536,Drama,56,571,44200,0,7.96
24.2248,70.74,0.476,31280.205,173.5,6.91,7.075,6.85,7,295168,YES,118.6,242.64,Comedy,55,564,33000,1,7.96
23.4008,70.74,0.476,33352.22,159.4,6.665,6.725,6.575,6.855,412012,YES,189.56,283.024,Thriller,45,508,37800,1,7.96
24.4978,70.74,0.476,35424.235,167.8,6.675,6.845,6.725,7.06,369595,NO,120,222.4,Drama,29,578,30000,0,8.96
22.3494,70.74,0.476,33379.995,156.4,6.865,7.035,6.745,6.905,451646,NO,185.56,263.024,Action,23,553,37800,0,8.96
21.8756,70.74,0.476,32713.395,112.5,7.12,7.43,7.21,7.335,407557,YES,110.68,203.472,Action,57,575,43400,0,8.96
32.5952,71.28,0.462,33046.695,135.3,7.64,7.705,7.535,7.705,472490,YES,118.16,283.264,Comedy,39,535,40800,1,6.8
32.7592,71.28,0.462,33863.28,158,7.7,7.9,7.76,7.71,495311,NO,139.28,262.912,Comedy,49,599,36400,1,7.8
32.5478,71.28,0.462,32407.87,130,7.7,7.825,7.64,7.84,497626,YES,169.96,283.184,Thriller,28,598,39800,1,6.8
41.0786,71.28,0.462,32968.925,102.8,7.67,7.805,7.74,7.785,532331,NO,109.24,203.696,Comedy,46,547,46200,1,7.8
35.684,71.28,0.462,33274.45,155.2,7.72,7.925,7.82,8.015,431225,NO,109,222.8,Drama,56,548,35000,0,6.8
36.0542,71.28,0.462,30308.08,110.1,8.1,8.24,8.07,8,448317,YES,170.08,243.232,Action,41,543,40400,1,6.8
34.516,71.28,0.462,31813.485,143,8.01,8.175,8,8.215,463328,NO,171.28,242.912,Action,27,578,36400,0,7.8
45.0358,71.28,0.462,30941.35,171.6,8.035,8.205,7.955,8.21,371051,YES,,302.176,Action,44,484,27200,1,7.8
37.0408,71.28,0.462,33135.575,162.7,7.945,8.14,7.83,8.06,457361,YES,183.84,283.136,Comedy,23,541,39200,1,7.8
44.6494,71.28,0.462,34118.81,165.2,7.91,8.01,7.845,8.275,387496,YES,116.08,282.432,Thriller,48,575,30400,0,6.8
39.7686,71.28,0.462,32291.215,173.5,7.825,8.01,7.935,8.04,365213,YES,149.8,262.32,Drama,29,527,29000,1,7.8
35.0052,71.28,0.462,32907.82,167.6,7.655,7.965,7.64,7.94,414145,YES,164.24,262.496,Drama,27,502,31200,0,7.8
36.8108,71.28,0.462,31102.445,159.2,7.655,7.835,7.64,7.96,422375,YES,187.56,262.224,Thriller,35,516,27800,1,7.8
33.4382,71.28,0.462,32291.215,163.8,7.53,7.705,7.645,7.755,436807,NO,194.64,242.656,Drama,59,476,33200,0,6.8
39.1154,71.28,0.462,33591.085,162.3,7.75,7.8,7.7,7.845,406866,YES,173.92,262.368,Drama,20,488,29600,0,6.8
35.4598,71.28,0.462,36079.725,167.9,7.715,7.825,7.655,7.895,455480,YES,119.36,302.944,Thriller,35,544,36800,0,7.8
40.049,71.28,0.462,37074.07,160.8,7.735,8.03,7.82,7.935,466851,NO,180.4,243.36,Thriller,50,488,42000,1,6.8
42.6162,71.28,0.462,31735.715,167.6,7.74,7.91,7.815,8.07,350102,NO,197.08,242.032,Drama,34,586,25400,1,6.8
47.0944,71.28,0.462,33729.96,173.5,7.805,7.97,7.76,8.115,436306,YES,185.8,242.32,Comedy,23,523,29000,0,6.8
47.7598,71.28,0.462,33052.25,155.5,7.995,8.07,7.845,8.105,299587,NO,175.28,282.112,Thriller,25,533,26400,1,7.8
43.0344,71.28,0.462,31669.055,168.5,8.1,8.165,8.02,8.14,394967,YES,167.24,302.096,Comedy,25,571,26200,0,7.8
52.2564,71.28,0.462,33863.28,170.4,7.965,8.17,8.065,8.28,377048,YES,193.4,222.16,Comedy,40,497,27000,1,6.8
21.2834,66.92,0.501,32957.815,141.7,8.155,8.365,8.23,8.53,475977,YES,189.56,223.024,Thriller,43,530,37800,0,7.16
21.9488,66.92,0.501,32446.755,134.9,8.305,8.36,8.19,8.39,474433,NO,150,303.2,Comedy,39,454,40000,1,8.16
21.6028,66.92,0.501,32496.75,115,8.01,8.125,7.94,8.055,482433,YES,162.4,203.36,Thriller,21,510,42000,1,7.16
23.501,66.92,0.501,33141.13,103.7,7.925,8.17,7.98,8.23,498052,YES,163.68,203.872,Thriller,21,484,48400,0,7.16
20.5526,60.9,0.572,36635.225,95.3,7.175,7.325,7.225,7.475,553070,YES,138.32,244.928,Thriller,49,451,61600,0,8.34
20.6718,60.9,0.572,39018.32,89.3,7.185,7.345,7.235,7.43,567784,YES,123.96,305.584,Thriller,20,428,69800,0,8.34
22.5488,68.82,0.552,37607.35,76.4,7.115,7.14,7,7.3,512492,NO,154.64,264.256,Action,30,495,53200,0,7.42
22.83,68.82,0.552,34268.795,80.1,7.035,7.27,7.06,7.19,526836,NO,162.12,304.048,Thriller,52,419,50600,0,7.42
23.1872,68.82,0.552,34502.105,80,6.98,7.17,7.08,7.33,473146,YES,121.88,303.952,Thriller,56,449,49400,0,8.42
22.4538,68.82,0.552,33713.295,113.5,7.095,7.245,7.05,7.165,471960,NO,180.48,243.392,Thriller,53,400,42400,1,8.42
23.4284,68.82,0.552,31563.51,107.3,7.385,7.525,7.395,7.49,470466,NO,161.72,223.088,Thriller,21,445,38600,1,8.42
23.7672,68.82,0.552,32141.23,106.8,7.375,7.5,7.3,7.625,445250,YES,186,243.2,Drama,39,455,40000,1,8.42
24.5854,68.82,0.552,33496.65,159,7.085,7.18,7.125,7.23,374797,YES,106.64,242.656,Thriller,44,526,33200,1,7.42
25.0774,68.82,0.552,29991.445,168.8,7.01,7.16,7.02,7.07,264112,NO,141.76,282.304,Comedy,34,427,28800,1,8.42
24.3954,68.82,0.552,31119.11,135.5,6.945,7.05,6.85,6.98,422013,NO,119.76,263.104,Action,45,507,38800,1,7.42
21.7746,66.28,0.561,33124.465,119.2,6.46,6.725,6.5,6.685,442225,YES,0,223.152,Thriller,21,404,39400,0,7.64
20.8674,66.28,0.561,33968.825,136.5,6.48,6.63,6.46,6.795,502413,YES,140.2,223.28,Drama,30,473,41000,0,8.64
21.072,66.28,0.561,36168.605,94.6,6.49,6.62,6.44,6.815,504792,NO,198,284,Thriller,56,462,50000,0,8.64
20.9962,66.28,0.561,33318.89,94.9,6.555,6.74,6.565,6.51,496877,NO,183.36,223.744,Thriller,41,416,46800,0,8.64
20.272,63,0.59,32707.84,121.1,6.3,6.365,6.2,6.5,410055,YES,173.56,303.024,Comedy,55,387,37800,1,6.78
20.2622,57.44,0.597,40268.195,95.4,5.55,5.795,5.605,5.655,512329,YES,150.16,265.664,Thriller,50,480,70800,1,8.42
20.411,56.48,0.59,35457.565,109.2,5.34,5.535,5.285,5.465,539589,YES,115.88,303.952,Drama,22,383,49400,1,8.54
20.2864,57.64,0.589,37862.88,114,5.685,5.86,5.815,5.99,512129,YES,148.64,305.056,Drama,45,426,63200,1,8.98
23.089,65.26,0.547,34135.475,102.7,6.01,6.115,5.965,6.28,480067,NO,,283.728,Comedy,22,438,46600,1,7.06
22.0656,65.26,0.547,32924.485,120.7,6.37,6.66,6.45,6.66,467075,YES,123.84,283.136,Comedy,20,460,39200,1,7.06
22.9864,65.26,0.547,31891.255,139.7,6.335,6.42,6.235,6.56,465689,NO,,222.992,Thriller,30,439,37400,1,7.06
23.4342,65.26,0.547,33141.13,166.9,6.58,6.665,6.46,6.655,430178,NO,124.4,302.56,Thriller,48,387,32000,0,7.06
22.2054,65.26,0.547,35863.08,141.3,6.225,6.46,6.285,6.58,525189,YES,116.88,203.552,Comedy,56,434,44400,1,7.06
22.53,65.26,0.547,37562.91,116.9,5.885,6.155,5.95,6.045,469499,YES,118,264,Action,28,470,50000,1,8.06
20.3902,57.76,0.5839,39462.72,133,5.28,5.455,5.315,5.505,477265,YES,165.2,205.28,Action,30,390,66000,1,7.28
20.7168,61.74,0.602,34940.95,91.3,6.69,6.785,6.575,6.725,545499,NO,189.4,243.76,Thriller,20,375,47000,0,8.78
20.8758,61.74,0.602,32146.785,104.6,6.65,6.78,6.58,6.77,465605,NO,179.76,223.104,Action,44,479,38800,1,8.78
21.1578,67.14,0.591,32652.29,94.9,6.68,6.8,6.74,6.785,493569,YES,142.8,263.52,Thriller,29,406,44000,1,8.22
22.7108,67.14,0.591,31074.67,110.3,6.745,6.915,6.73,6.615,461313,NO,176.96,302.784,Thriller,40,485,34800,0,8.22
22.5632,67.14,0.591,32691.175,106.5,6.725,6.805,6.7,6.77,499656,NO,166.36,223.344,Drama,56,384,41800,1,7.22
21.7652,76.62,0.587,35646.435,80.1,7.24,7.465,7.205,7.52,501152,YES,195.68,283.872,Thriller,38,410,48400,0,7.16
23.1752,76.62,0.587,33113.355,91,7.28,7.4,7.29,7.455,491978,NO,200.68,263.472,Action,46,400,43400,1,8.16
21.8328,76.62,0.587,33691.075,81.3,7.27,7.52,7.195,7.44,500290,NO,117.12,203.648,Thriller,20,361,45600,1,7.16
23.9078,76.62,0.587,34690.975,79.7,7.32,7.385,7.25,7.47,493124,YES,119.36,243.744,Drama,45,434,46800,1,8.16
21.5792,80.66,0.563,34846.515,79.5,7.73,8.025,7.715,8.025,488560,NO,157.64,203.856,Thriller,40,389,48200,1,7.26
21.9024,80.66,0.563,34918.73,118.5,7.585,7.75,7.585,8.07,496661,NO,120.56,203.424,Comedy,28,382,42800,0,8.26
22.0306,80.66,0.563,34879.845,148,7.835,8.14,7.87,8.05,478283,NO,146,243.2,Comedy,22,453,40000,1,8.26
21.7414,80.66,0.563,34107.7,119.3,7.84,7.97,7.87,8.14,490040,YES,118.32,223.328,Thriller,57,419,41600,1,7.26
21.1292,80.66,0.563,34618.76,127.2,7.33,7.5,7.45,7.69,447528,YES,176.48,303.392,Drama,53,377,42400,0,8.26
21.6774,80.66,0.563,32630.07,110.1,7.735,7.885,7.59,7.785,467670,NO,128.12,303.248,Action,37,472,40600,0,8.26
20.8226,64.72,0.574,37368.485,107,7.25,7.36,7.3,7.29,499995,YES,129.2,284.48,Drama,54,374,56000,0,8.2
20.8924,64.72,0.574,36768.545,143.9,7.145,7.445,7.145,7.46,510436,YES,111.56,243.824,Drama,49,501,47800,1,7.2
20.7318,64.72,0.574,35007.61,105.7,7.235,7.405,7.265,7.29,492574,NO,121.92,203.968,Thriller,20,469,49600,1,8.2
20.7102,64.72,0.574,34257.685,120.2,7.24,7.41,7.165,7.385,485743,YES,151.16,203.664,Drama,34,405,45800,0,7.2
21.0118,63.98,0.551,35490.895,121.5,7.515,7.645,7.505,7.775,454277,NO,133.56,283.824,Drama,23,422,47800,1,7.3
21.147,63.98,0.551,36829.65,129.6,7.625,7.925,7.755,7.815,495454,NO,194.64,244.256,Thriller,56,521,53200,0,8.3
21.0376,63.98,0.551,33413.325,118.6,7.69,7.92,7.755,7.78,436753,YES,119,223.6,Thriller,50,472,45000,0,7.3
21.4302,63.98,0.551,34002.155,130.3,8.035,8.13,8.08,8.26,489563,YES,144.88,243.552,Comedy,43,510,44400,1,8.3
21.132,61.82,0.511,38923.885,159.8,8.25,8.455,8.28,8.175,509357,NO,139.44,203.776,Thriller,28,456,47200,0,8.44
21.0604,61.82,0.511,39323.845,136.6,8.17,8.31,8.135,8.555,515362,YES,151.48,304.592,Comedy,31,478,57400,0,8.44
20.9368,61.82,0.511,35646.435,139.6,8.43,8.535,8.425,8.425,503147,YES,147.04,303.616,Drama,58,424,45200,1,8.44
20.7864,61.82,0.511,35579.775,147.4,8.42,8.525,8.295,8.575,496193,NO,164.8,263.52,Thriller,23,451,44000,0,7.44
20.8406,85.08,0.536,35785.31,127.1,8.02,8.295,8.015,8.34,489837,NO,183.16,283.664,Drama,60,518,45800,0,8.36
20.575,85.08,0.536,34502.105,102.4,8.04,8.225,8.095,8.305,508101,NO,206,284,Action,46,492,50000,0,8.36
20.8588,85.08,0.536,34713.195,150.8,8.095,8.33,8.04,8.305,468556,NO,114.24,263.296,Action,54,465,41200,0,8.36
22.4408,60.78,0.555,36801.875,131.3,8.215,8.385,8.12,8.29,489220,NO,199.36,284.544,Thriller,46,467,56800,0,7.4
22.3008,60.78,0.555,34235.465,143.1,8.21,8.325,8.23,8.245,467769,NO,204.56,243.424,Thriller,21,463,42800,0,8.4
22.4166,60.78,0.555,44823.295,149.5,8.15,8.34,8.215,8.305,543618,YES,125.48,246.192,Thriller,53,413,77400,0,7.4
21.6374,60.78,0.555,43440.1,110.4,8.23,8.29,8.2,8.285,544945,YES,217.52,207.008,Action,25,512,87600,1,7.4
21.372,60.78,0.555,41195.88,136,8.085,8.32,8.165,8.435,484613,NO,131.28,265.312,Thriller,31,510,66400,0,8.4
22.9732,72.12,0.48,37368.485,153.4,8.45,8.66,8.595,8.74,471052,YES,193,304.4,Drama,24,470,55000,1,6.82
22.2864,72.12,0.48,37668.455,144.8,8.425,8.63,8.44,8.79,491484,YES,144.6,204.24,Thriller,58,445,53000,0,7.82
24.5752,72.12,0.48,35579.775,158.9,8.485,8.725,8.635,8.725,457364,NO,135.44,262.976,Action,57,544,37200,0,7.82
24.2322,72.12,0.48,34091.035,160.9,8.515,8.79,8.56,8.71,443252,YES,137.72,283.088,Comedy,36,555,38600,0,7.82
22.792,72.12,0.48,34257.685,163.5,8.685,8.875,8.66,8.935,432081,YES,,203.216,Comedy,20,458,40200,0,6.82
22.6524,72.12,0.48,32502.305,170.2,8.905,9.025,8.935,8.925,430817,YES,,263.12,Comedy,57,515,39000,0,6.82
23.424,72.12,0.48,32418.98,165.4,8.815,8.965,8.76,9.04,405008,YES,205.8,283.12,Drama,20,482,39000,1,6.82
22.6234,72.12,0.48,34035.485,158.7,8.825,9.025,8.915,8.99,442160,YES,120.16,283.264,Action,57,517,40800,1,6.82
22.5604,72.12,0.48,35963.07,170.6,8.64,8.91,8.73,8.85,473768,NO,171.92,203.168,Action,48,502,39600,1,7.82
25.2726,72.12,0.48,34602.095,164.7,8.715,8.86,8.56,8.775,437611,YES,195.76,283.104,Comedy,41,555,38800,1,6.82
22.1586,72.12,0.48,34413.225,127.9,8.475,8.7,8.48,8.79,423752,YES,138.68,203.472,Comedy,37,453,43400,1,7.82
22.0168,75.02,0.453,37301.825,155.1,8.595,8.685,8.5,8.87,495560,YES,113.12,263.648,Thriller,34,544,45600,0,8.44
22.4658,75.02,0.453,32846.715,166.4,8.725,8.885,8.72,8.965,394329,YES,0,303.008,Thriller,35,577,37600,1,7.44
24.4424,75.02,0.453,33841.06,168.9,8.705,8.875,8.725,8.6,405200,YES,201.48,202.992,Thriller,59,604,37400,1,8.44
22.8462,75.02,0.453,34740.97,157.7,8.73,8.93,8.855,8.975,446050,NO,133.4,242.96,Action,39,570,37000,0,8.44
23.4268,75.02,0.453,32930.04,161.7,8.72,8.795,8.64,8.92,415458,NO,151.32,222.928,Comedy,24,539,36600,0,7.44
22.6316,75.02,0.453,34307.68,146,8.535,8.645,8.5,8.86,432696,NO,130.48,263.392,Comedy,23,528,42400,0,8.44
23.0196,75.02,0.453,33446.655,156.1,8.615,8.755,8.54,8.595,454755,NO,189.68,303.072,Action,28,609,38400,0,7.44
22.6116,75.02,0.453,32618.96,146.6,8.6,8.865,8.69,8.89,410730,YES,160.16,283.264,Thriller,40,566,40800,1,7.44
22.8952,75.02,0.453,31835.705,138.7,8.52,8.74,8.54,8.685,463019,YES,203.72,223.088,Thriller,20,530,38600,0,8.44
21.3798,106.3,0.419,32607.85,143.2,8.8,8.92,8.735,9.03,455844,YES,156.8,203.52,Thriller,23,570,44000,0,7.18
21.433,106.3,0.419,33352.22,157.6,8.78,9.02,8.815,8.99,454602,YES,194.12,203.248,Action,39,568,40600,0,8.18
21.8598,106.3,0.419,33113.355,166.4,8.83,9.075,8.865,9.05,388265,YES,178.2,203.28,Comedy,51,608,41000,0,8.18
23.0076,106.3,0.419,32530.08,170.5,8.89,9.09,8.965,9.165,334417,YES,182.92,202.768,Drama,51,524,34600,1,8.18
21.9698,106.3,0.419,32657.845,169.3,8.895,9.13,8.9,9.06,395312,NO,125.52,263.008,Thriller,56,622,37600,1,8.18
23.3804,106.3,0.419,33252.23,161.9,8.935,9.075,8.855,9.155,443766,YES,162.56,283.424,Drama,22,608,42800,1,7.18
27.747,106.3,0.419,31180.215,169.1,9.035,9.24,9.1,9.115,303828,NO,154.28,202.512,Drama,42,635,31400,1,8.18
25.183,98.78,0.376,31624.615,169.5,8.955,9.135,9.08,9.255,391198,YES,118.48,302.592,Comedy,31,567,32400,1,6.76
26.5086,98.78,0.376,35724.205,172.3,9.02,9.195,9.04,9.115,444896,NO,163.2,282.88,Comedy,41,564,36000,1,7.76
37.625,98.78,0.376,31313.535,168.2,8.85,9.06,8.95,9.175,406685,YES,157.72,202.288,Drama,30,581,28600,1,6.76
26.8012,98.78,0.376,35874.19,172.4,8.815,9.035,8.82,9.095,466796,YES,179.68,263.072,Comedy,25,663,38400,1,6.76
43.8588,98.78,0.376,35140.93,171.2,8.73,8.985,8.79,8.955,438063,YES,151.84,243.136,Comedy,29,559,39200,1,6.76
31.801,98.78,0.376,35396.46,171.4,8.795,8.92,8.8,8.83,456491,YES,179.2,243.68,Action,57,550,46000,0,6.76
26.5964,98.78,0.376,32341.21,168.9,8.635,8.79,8.735,8.895,426316,YES,205.36,202.944,Action,58,617,36800,0,7.76
39.5234,98.78,0.376,31980.135,171.9,8.825,8.86,8.735,8.885,402396,NO,180.24,222.496,Action,32,646,31200,0,6.76
31.1556,98.78,0.376,35190.925,171.7,8.89,8.965,8.84,9.085,411162,YES,157.24,222.896,Thriller,37,663,36200,0,6.76
26.4528,98.78,0.376,33007.81,167,8.87,9.08,8.91,9.205,394365,NO,202.96,202.784,Thriller,37,622,34800,0,6.76
27.0466,98.78,0.376,35851.97,171.9,8.925,9.235,8.915,9.225,442884,YES,138.84,222.736,Comedy,40,674,34200,0,7.76
24.996,98.78,0.376,32535.635,171.7,9.055,9.295,9.08,9.235,380380,NO,161.32,282.128,Thriller,39,593,26600,0,6.76
30.8904,98.78,0.376,34168.805,171.4,9.045,9.205,9.16,9.255,411330,YES,173.12,202.848,Drama,29,592,35600,1,7.76
25.818,98.78,0.376,34296.57,167.1,9.07,9.23,9.065,9.41,354960,NO,113.6,202.24,Drama,28,570,28000,1,6.76
52.5728,98.78,0.376,27880.545,173.5,9.185,9.34,9.145,9.45,233100,YES,199.76,242.304,Comedy,43,561,28800,1,7.76
86.421,94.16,0.129,30013.665,173.5,9.33,9.48,9.18,9.365,329378,YES,105.36,262.144,Thriller,42,807,26800,1,9.06
101.948,94.16,0.129,30374.74,173.5,9.18,9.4,9.21,9.385,308802,YES,146.24,262.496,Comedy,25,793,31200,1,9.06
75.5948,94.16,0.129,27236.165,171.3,9.26,9.46,9.225,9.365,294970,YES,132.72,261.888,Thriller,52,795,23600,1,8.06
67.5868,94.16,0.129,34052.15,173.5,9.155,9.37,9.14,9.495,305675,YES,155.52,202.208,Thriller,59,846,27600,0,8.06
63.101,94.16,0.129,31263.54,173.5,9.09,9.255,9.155,9.47,399297,YES,112.24,202.496,Thriller,32,760,31200,0,8.06
67.3724,94.16,0.129,27363.93,169.2,9.115,9.32,9.17,9.475,286266,NO,137.84,222.336,Comedy,24,800,29200,1,9.06
66.6198,94.16,0.129,28808.23,167.3,9.21,9.385,9.2,9.14,309356,NO,197.12,282.848,Drama,43,838,35600,1,8.06
74.6794,94.16,0.129,31091.335,168.4,9.12,9.39,9.205,9.24,347105,NO,202.16,302.464,Comedy,48,759,30800,0,8.06
53.132,94.16,0.129,34007.71,170.8,9.175,9.24,9.035,9.315,428936,NO,110.6,243.44,Thriller,34,831,43000,1,8.06
49.9264,94.16,0.129,30019.22,173.5,9.07,9.27,9.115,9.365,466687,NO,129.84,223.136,Thriller,42,754,39200,1,8.06
42.5316,94.16,0.129,27841.66,161.5,9.09,9.22,9.05,9.42,455196,YES,108.12,202.448,Comedy,46,851,30600,1,9.06
62.9836,94.16,0.129,31713.495,172,9.11,9.32,9.05,9.275,411772,NO,121.76,243.104,Comedy,58,840,38800,0,8.06
48.277,94.16,0.129,34046.595,169.5,9.115,9.265,9.015,9.11,440004,NO,148.8,302.72,Action,48,806,34000,0,9.06
90.7002,94.16,0.129,34174.36,156.1,9.06,9.275,9.04,9.13,432078,NO,198.24,222.496,Thriller,37,868,31200,0,9.06
68.9336,94.16,0.129,29285.96,167.5,9.005,9.145,9.075,9.305,426057,NO,127.24,202.096,Thriller,60,749,26200,1,8.06
44.4716,94.16,0.395,38568.365,170.9,9.005,9.12,9.04,9.08,501350,YES,164.52,266.608,Comedy,57,549,82600,1,9.06
46.8568,94.16,0.395,33696.63,173.5,9.02,9.23,9.05,9.185,483363,NO,177.72,263.888,Thriller,46,556,48600,0,8.06
48.5004,94.16,0.129,36163.05,173.5,9.08,9.155,9.01,9.22,475753,YES,143.32,243.728,Drama,36,765,46600,0,9.06
45.4692,94.16,0.395,34718.75,166.1,9.07,9.24,9.06,9.03,540041,YES,168.8,244.32,Drama,23,519,54000,1,9.06
49.2672,94.16,0.395,41601.395,164.3,8.915,9.055,8.935,9.155,539697,YES,210,228,Comedy,35,539,100000,1,8.06
56.6754,94.16,0.395,43340.11,171.7,8.87,9.12,8.945,8.98,531084,YES,168,248,Drama,22,557,100000,1,8.06
50.3804,94.16,0.395,46523.125,167.4,8.87,9.03,8.8,8.975,561132,YES,160,248,Thriller,57,603,100000,1,9.06
64.8472,94.16,0.395,32518.97,165.3,8.645,8.805,8.755,8.95,467883,YES,167.08,303.632,Drama,56,659,45400,0,9.06
78.48,94.16,0.395,33891.055,166.5,8.815,8.86,8.705,9.055,471586,YES,200,244,Thriller,22,533,50000,0,8.06
60.2038,94.16,0.395,44045.595,169.7,8.945,9.045,8.845,9.07,517904,YES,166,308,Thriller,37,522,100000,1,9.06
56.0056,94.16,0.395,32646.735,152.7,8.655,8.895,8.71,8.89,468741,YES,201.52,203.808,Drama,22,549,47600,0,8.06
66.008,94.16,0.395,35102.045,169.6,8.855,8.98,8.88,9.085,473988,NO,133.52,223.808,Comedy,23,663,47600,0,8.06
68.9906,94.16,0.395,35563.11,168.7,8.85,8.94,8.835,8.85,449755,NO,110.92,303.568,Action,22,536,44600,0,8.06
44.1484,94.16,0.395,32635.625,168.1,8.65,8.79,8.64,9.07,438703,NO,158.96,222.784,Drama,28,606,34800,0,9.06
66.278,94.16,0.395,32663.4,170.8,8.69,8.82,8.725,8.985,470298,NO,195.64,243.056,Thriller,54,575,38200,0,8.06
22.7828,63.1,0.49,30952.46,162,8.65,8.73,8.635,8.79,415584,NO,187.24,243.696,Thriller,38,530,46200,0,7.68
21.8356,63.1,0.49,35640.88,157.6,8.57,8.715,8.615,8.805,467457,YES,197.44,203.776,Comedy,59,540,47200,0,7.68
21.6894,63.1,0.49,32546.745,142.2,8.58,8.65,8.485,8.88,480435,YES,195.04,303.616,Thriller,35,530,45200,0,7.68
21.3328,63.1,0.49,36363.03,106.6,8.39,8.545,8.395,8.41,500067,YES,123.76,244.704,Comedy,48,509,58800,1,7.68
21.4044,63.1,0.49,33441.1,120.7,8.125,8.295,8.11,8.36,491916,YES,171.28,303.712,Drama,49,520,46400,0,7.68
21.085,63.1,0.49,35079.825,146.9,8.325,8.36,8.295,8.38,487150,YES,141.84,283.936,Drama,31,474,49200,0,8.68
21.3284,63.1,0.49,38107.3,147.9,8.405,8.625,8.395,8.75,513390,NO,117.96,224.784,Comedy,28,548,59800,1,7.68
21.156,59.92,0.512,38773.9,131.9,8.445,8.725,8.58,8.59,505742,NO,194.88,225.952,Drama,50,456,74400,1,8.44
21.3176,59.92,0.512,43134.575,156.8,8.51,8.67,8.52,8.82,515276,YES,169.92,286.368,Action,60,466,79600,1,7.44
21.3776,59.92,0.512,34129.92,135.7,8.655,8.805,8.605,8.74,461876,YES,132.48,305.792,Thriller,59,561,72400,1,7.44
21.8206,59.92,0.512,39746.025,165.7,8.64,8.675,8.54,8.75,549262,YES,185.16,306.064,Thriller,56,430,75800,1,7.44
22.0016,59.92,0.512,36457.465,169.1,8.48,8.665,8.545,8.62,493498,YES,147,285.2,Drama,60,451,65000,1,8.44
21.6616,59.92,0.512,31130.22,163.3,8.47,8.58,8.425,8.545,440780,YES,198.56,204.224,Drama,27,467,52800,0,8.44
21.2094,59.92,0.512,34179.915,142.3,8.285,8.475,8.25,8.43,463628,YES,163.84,224.736,Drama,45,466,59200,0,7.44
21.1204,59.92,0.512,43501.205,127.1,8.275,8.405,8.245,8.675,511949,YES,120,268,Drama,35,458,100000,1,8.44
21.575,61.88,0.563,37674.01,114.6,8.095,8.15,8.065,8.115,480787,YES,156.8,265.12,Thriller,23,423,64000,1,7.96
22.5158,61.88,0.563,36418.58,102.6,7.69,7.86,7.66,7.655,537380,YES,151.92,204.768,Thriller,40,460,59600,0,8.96
21.674,61.88,0.563,39912.675,112.4,7.585,7.785,7.66,7.835,520707,NO,185.96,285.584,Thriller,20,464,69800,1,8.96
21.8136,61.88,0.563,38612.805,95,6.73,6.82,6.645,6.845,512163,NO,123.2,225.28,Comedy,55,510,66000,1,8.96
21.3822,61.88,0.563,37435.145,104.3,6.645,6.79,6.63,6.975,507193,NO,176.2,224.88,Comedy,40,384,61000,0,7.96
21.7328,61.88,0.563,39873.79,99.8,6.62,6.83,6.7,6.895,515199,YES,210.56,225.824,Drama,40,448,72800,0,7.96
20.4374,60.86,0.599,37774,83.4,6.77,6.935,6.775,7.08,503965,NO,136.44,264.976,Thriller,24,412,62200,0,7.88
20.2878,60.86,0.599,36685.22,92.3,6.745,6.985,6.77,7.06,525053,NO,185.64,284.656,Thriller,59,489,58200,0,8.88
20.2762,55.92,0.578,43745.625,105.5,7.095,7.235,7.12,7.25,546519,YES,164,288,Thriller,26,430,100000,1,9.12
20.8022,58.04,0.596,40479.285,107.6,6.21,6.4,6.245,6.525,549247,YES,145.32,305.328,Action,20,367,66600,0,8.48
20.9332,58.04,0.596,39479.385,110.1,6.18,6.49,6.3,6.41,511537,YES,138.12,284.848,Action,24,401,60600,0,8.48
20.7536,58.04,0.596,40407.07,111.8,6.235,6.39,6.27,6.485,519868,NO,203.84,285.536,Drama,43,412,69200,0,8.48
20.63,57.94,0.597,38746.125,88.8,6.015,6.24,6.11,6.33,536549,YES,159.96,265.584,Comedy,24,413,69800,0,8.6
20.3556,57.94,0.597,39634.925,87.4,6.105,6.185,6.015,6.39,535003,NO,119.16,205.264,Drama,22,465,65800,1,7.6
20.689,59.06,0.585,34229.91,111.9,6.8,6.965,6.8,6.89,501886,YES,155.64,243.856,Thriller,32,415,48200,1,8.06
20.4354,59.06,0.585,42273.55,89.2,6.825,6.955,6.735,6.95,554735,NO,210.92,286.768,Action,30,459,84600,1,9.06
20.702,60.36,0.5839,43623.415,106.7,7.315,7.485,7.35,7.615,546954,NO,175.4,227.76,Comedy,22,410,97000,1,9.06
20.4018,60.36,0.5839,44628.87,105.4,7.295,7.6,7.36,7.505,517393,YES,178,308,Thriller,51,442,100000,1,8.06
22.7284,76.18,0.511,32724.505,95.8,7.88,8.19,7.945,8.09,456271,YES,159.04,303.616,Thriller,26,563,45200,1,8.28
24.5938,76.18,0.511,35140.93,126,7.685,7.88,7.765,7.955,444948,YES,133.76,223.904,Thriller,52,511,48800,0,7.28
25.0398,76.18,0.511,32124.565,146.2,7.68,7.875,7.7,8.04,378970,YES,159,203.6,Comedy,38,519,45000,1,8.28
22.7174,76.18,0.511,33685.52,132.6,7.85,8.005,7.725,7.94,418851,YES,137.76,283.904,Comedy,31,447,48800,1,7.28
28.7142,76.18,0.511,29685.92,173.5,8.025,8.07,7.93,8.225,367698,NO,158,263.2,Comedy,60,562,40000,1,7.28
23.4892,76.18,0.511,33107.8,165.6,8.045,8.185,8.02,8,402133,YES,160.68,243.472,Comedy,36,446,43400,1,8.28
27.5156,76.18,0.511,30019.22,162.1,8.005,8.295,8.1,8.27,347413,NO,119.72,283.088,Thriller,39,489,38600,1,7.28
24.3438,76.18,0.511,32257.885,127.3,8.17,8.21,8.1,8.215,414813,YES,136.96,263.584,Thriller,20,527,44800,1,8.28
22.8104,76.18,0.511,35413.125,105.8,7.945,8.04,7.91,8.215,504226,YES,151.24,204.496,Comedy,3,441,56200,0,7.28
25.791,76.18,0.511,30063.66,83.3,8.16,8.26,8.165,8.235,298989,YES,113.48,223.792,Comedy,21,562,47400,1,8.28
23.9604,76.18,0.511,34341.01,115.9,7.925,8.095,8.02,8.065,456943,YES,,244,Drama,30,480,50000,1,7.28
20.912,82.78,0.45,32707.84,129.5,8.28,8.515,8.285,8.695,429010,YES,109.32,243.728,Action,22,617,46600,0,8.72
21.4026,82.78,0.45,36896.31,158.6,8.24,8.405,8.155,8.36,461695,NO,185.48,284.592,Comedy,23,487,57400,0,7.72
22.2138,82.78,0.45,33057.805,167.3,8.54,8.56,8.46,8.66,411880,YES,174.6,283.44,Comedy,49,481,43000,1,7.72
22.285,82.78,0.45,35402.015,165.9,8.175,8.375,8.315,8.405,451935,YES,123.2,263.68,Comedy,21,561,46000,0,8.72
27.1618,67.4,0.493,38612.805,162,8.485,8.64,8.485,8.67,480270,NO,174.68,224.272,Thriller,23,536,53400,1,8.52
28.1542,67.4,0.493,34241.02,164.8,8.345,8.48,8.42,8.66,369907,YES,114.68,283.472,Comedy,37,574,43400,1,8.52
32.4712,67.4,0.493,38212.845,151.2,8.295,8.395,8.31,8.455,470809,YES,189,244.4,Action,50,469,55000,1,7.52
32.294,67.4,0.493,36762.99,154.3,8.25,8.4,8.23,8.58,489836,YES,194.04,244.816,Thriller,39,491,60200,1,7.52
26.3066,67.4,0.496,45917.63,151.8,8.52,8.635,8.435,8.62,549160,YES,135.92,247.168,Drama,47,570,89600,1,8.52
30.5386,67.4,0.496,48467.375,156.5,8.435,8.695,8.525,8.56,521198,YES,150,268,Thriller,20,570,100000,1,7.52
27.6428,67.4,0.496,44662.2,160,8.255,8.52,8.345,8.45,560909,YES,119.04,206.016,Action,54,532,75200,0,7.52
28.2476,67.4,0.496,39790.465,153.4,8.345,8.44,8.36,8.42,506523,NO,126.64,205.056,Thriller,34,541,63200,1,7.52
25.9638,67.4,0.496,42695.73,90.5,8.225,8.35,8.195,8.475,547397,YES,202.68,287.472,Drama,43,550,93400,1,8.52
28.8356,67.4,0.496,36396.36,94.9,8.22,8.36,8.29,8.385,561219,YES,146.6,305.04,Comedy,47,444,63000,1,8.52
30.74,67.4,0.496,33224.455,141.6,8.015,8.31,8.06,8.265,480986,NO,165.72,203.888,Comedy,59,467,48600,0,8.52
29.2592,67.4,0.496,41173.66,150.4,8.06,8.33,8.065,8.2,540602,YES,134.68,205.072,Comedy,26,540,63400,1,7.52
31.5058,67.4,0.493,46312.035,146.8,7.97,8.09,8.05,8.21,545730,YES,132.68,226.672,Thriller,28,574,83400,0,7.52
26.6294,67.4,0.493,45812.085,143.9,8.09,8.255,8.13,8.225,529841,YES,181.32,227.728,Comedy,23,504,96600,1,7.52
28.9582,67.4,0.493,37362.93,140,8.165,8.31,8.015,8.205,514773,YES,197.6,264.64,Thriller,32,441,58000,0,8.52
26.609,67.4,0.493,33807.73,135,8.045,8.305,8.095,8.255,471552,YES,183.6,283.84,Comedy,57,525,48000,1,8.52
30.4116,67.4,0.493,36835.205,150,7.77,8.05,7.9,7.985,502128,YES,188.04,304.016,Action,36,464,50200,1,7.52
30.2366,67.4,0.493,40873.69,145.1,7.88,8.09,7.835,7.9,533135,YES,210.6,245.04,Thriller,34,562,63000,0,7.52
21.6488,64.86,0.572,36001.955,92,6.87,6.94,6.775,7.035,523902,YES,147.48,243.792,Action,48,491,47400,1,8.68
21.8504,64.86,0.572,36696.33,115.7,6.875,6.945,6.795,7.005,507617,NO,111.32,303.728,Action,51,413,46600,1,7.68
22.2658,64.86,0.572,38312.835,127.8,6.755,6.935,6.8,6.84,470107,YES,204.8,224.32,Comedy,24,387,54000,1,8.68
22.1224,64.86,0.572,33857.725,138.6,6.785,6.96,6.685,6.9,462958,NO,166.04,263.216,Comedy,41,397,40200,0,7.68
22.058,64.86,0.572,35318.69,126.4,6.445,6.595,6.405,6.485,479264,YES,120.88,203.552,Thriller,42,412,44400,1,8.68
22.5514,64.86,0.572,35513.115,81.3,6.47,6.515,6.435,6.505,537248,YES,147.48,303.792,Thriller,26,481,47400,0,7.68
24.1216,66.72,0.569,31069.115,150,5.925,6.19,5.94,6.035,458708,NO,125.04,242.816,Comedy,42,412,35200,1,8.18
23.8266,66.72,0.569,31135.775,143.7,5.86,6.085,5.86,6.285,405929,YES,185.4,202.96,Comedy,59,438,37000,0,8.18
26.7966,66.72,0.569,33929.94,108.4,5.815,6.11,5.81,6.155,465288,YES,141.72,223.888,Comedy,25,489,48600,1,8.18
23.9314,66.72,0.569,34585.43,152.7,5.915,6.005,5.85,6.12,484343,NO,196.2,243.28,Thriller,31,466,41000,1,7.18
23.2878,66.72,0.569,35735.315,122.6,5.975,6.13,6.055,6.185,504043,YES,167.8,303.92,Thriller,43,494,49000,1,7.18
23.8146,66.72,0.569,37318.49,91,5.96,6.2,5.96,6.23,531248,YES,186.48,224.192,Comedy,39,443,52400,0,8.18
22.806,66.72,0.569,36035.285,86.5,6.25,6.34,6.185,6.43,522769,YES,123.76,283.904,Thriller,38,389,48800,0,7.18
24.2818,66.72,0.569,35763.09,82.4,6.285,6.41,6.295,6.215,548870,NO,205.92,243.968,Drama,50,469,49600,0,7.18
21.6442,66.72,0.569,38646.135,80.3,5.41,5.575,5.45,5.755,534094,NO,179.84,244.736,Action,57,396,59200,1,7.18
27.3788,66.72,0.569,45878.745,81.9,5.485,5.555,5.465,5.68,518247,NO,217.12,266.848,Thriller,53,509,85600,1,7.18
20.9638,62.28,0.608,33929.94,105.5,5.305,5.495,5.345,5.42,528690,NO,130.76,243.504,Thriller,56,370,43800,1,7.72
20.7096,62.28,0.608,32641.18,92.6,5.385,5.445,5.26,5.47,459998,NO,156.36,303.344,Comedy,31,438,41800,1,7.72
20.3076,62.5,0.606,41406.97,107.7,6.67,6.985,6.665,7.01,524356,NO,133.6,267.04,Thriller,38,422,88000,1,8.82
32.2308,62.94,0.353,48350.72,160.4,8.955,9.235,9.085,9.12,530690,YES,172,228,Thriller,54,552,100000,1,9.4
33.2702,62.94,0.353,40734.815,173.5,8.9,9.13,8.99,9.195,477252,YES,160.4,305.76,Thriller,58,601,72000,0,8.4
33.133,62.94,0.353,38007.31,173.5,8.9,9.09,8.84,9.145,483741,YES,146.04,224.816,Thriller,40,599,60200,0,8.4
30.8022,62.94,0.353,40012.665,155.3,8.94,9.025,8.815,8.995,483080,YES,,225.408,Drama,21,681,67600,0,9.4
30.6824,62.94,0.353,41773.6,162.9,8.8,9,8.925,9,526451,YES,133.24,226.896,Action,24,651,86200,1,9.4
30.4028,62.94,0.353,46650.89,165,8.725,8.98,8.805,8.915,511151,YES,201.52,307.808,Thriller,24,552,97600,1,8.4
36.5052,62.94,0.353,40701.485,168,8.795,8.99,8.895,9.16,450060,YES,114.4,224.96,Comedy,60,555,62000,0,8.4
31.0014,62.94,0.353,40029.33,165.1,9.02,9.045,8.89,9.185,503379,YES,170.6,285.84,Thriller,36,588,73000,1,8.4
35.2324,62.94,0.353,30885.8,136.3,8.95,9.015,8.97,9.095,458883,NO,149.12,263.648,Comedy,59,589,45600,1,8.4
35.714,62.94,0.353,38962.77,158.1,8.89,9.07,8.82,8.955,440617,NO,122.28,204.912,Thriller,41,578,61400,1,9.4
31.5668,62.94,0.425,46089.835,140.5,8.7,8.935,8.785,8.74,495431,YES,160,308,Comedy,42,633,100000,1,9.4
30.81,62.94,0.425,41495.85,126.1,8.415,8.69,8.51,8.645,558567,NO,181.4,306.96,Drama,43,504,87000,0,9.4
21.813,68.92,0.536,32885.6,135,7.89,8.185,8.015,8.075,442828,NO,208.28,283.312,Action,29,524,41400,0,8.28
25.9832,68.92,0.536,32530.08,115.6,7.67,7.895,7.745,7.83,448615,YES,124.44,303.376,Comedy,27,466,42200,1,7.28
23.2422,68.92,0.536,34663.2,89.8,7.72,7.815,7.655,7.95,527157,NO,132.08,204.032,Thriller,25,434,50400,0,7.28
22.292,68.92,0.536,36318.59,132.2,7.995,8.185,7.94,8.045,502420,YES,169.76,263.904,Thriller,40,440,48800,0,7.28
24.4376,68.92,0.536,42723.505,125.3,7.735,7.95,7.76,7.82,522502,YES,120.08,205.632,Thriller,39,425,70400,1,8.28
21.1288,67.82,0.553,37540.69,106.4,7.9,8.01,7.81,8.12,510207,NO,212.96,245.184,Thriller,30,426,64800,0,8.48
21.9208,67.82,0.553,38073.97,116.3,7.86,7.95,7.73,7.925,532339,YES,176.8,245.12,Thriller,23,385,64000,1,8.48
22.0938,67.82,0.553,40368.185,122.5,7.53,7.66,7.515,7.72,490028,NO,171.28,225.312,Drama,35,424,66400,1,7.48
21.2254,67.82,0.553,37918.43,101.1,7.43,7.58,7.54,7.725,516911,NO,125.24,225.296,Thriller,21,417,66200,1,7.48
21.5956,67.82,0.553,36007.51,105.6,7.89,7.96,7.8,8.075,504442,YES,125.64,204.656,Thriller,38,478,58200,1,8.48
24.2076,61.66,0.5571,37840.66,105.7,7.825,8.04,7.89,8.045,504458,NO,192.04,245.616,Drama,26,513,70200,0,9.02
20.7156,61.66,0.5571,43440.1,138,7.51,7.665,7.58,7.855,538611,NO,142.16,207.264,Comedy,50,420,90800,1,9.02
20.741,61.66,0.5571,38707.24,110.7,7.225,7.54,7.215,7.53,546620,YES,170.16,285.664,Comedy,48,422,70800,1,9.02
21.2258,61.66,0.5571,42467.975,123.2,7.27,7.53,7.285,7.495,524593,YES,174.4,247.36,Drama,25,512,92000,1,8.02
20.3002,57.42,0.599,44012.265,98.3,6.925,7.08,7.015,7.21,564706,YES,174,268,Drama,20,489,100000,1,9.28
20.1812,60.94,0.6,39373.84,94.3,6.28,6.5,6.18,6.425,489220,YES,156.88,245.152,Action,30,424,64400,1,7.94
20.2192,59.5,0.611,35846.415,105.4,6.335,6.445,6.26,6.345,511643,YES,208.8,283.52,Comedy,55,347,44000,0,7.94
20.393,58.52,0.615,34607.65,105,5.395,5.54,5.295,5.595,449001,YES,166.04,203.216,Comedy,39,333,40200,1,8.36
20.7742,65.64,0.595,34490.995,104.8,6.275,6.4,6.21,6.475,514434,YES,199.28,283.712,Drama,60,433,46400,0,7.68
20.918,65.64,0.595,35079.825,119.1,6.185,6.48,6.27,6.43,498744,NO,116.92,243.568,Thriller,22,349,44600,1,7.68
20.8594,65.64,0.595,36468.575,96.4,6.335,6.505,6.275,6.25,459056,NO,181.92,283.968,Comedy,60,411,49600,0,8.68
20.7004,64.9,0.589,38112.855,101.4,7.39,7.59,7.42,7.365,566644,YES,161.4,224.56,Thriller,53,397,57000,0,7.16
21.5772,64.9,0.589,39707.14,101.2,7.44,7.515,7.295,7.515,542840,YES,162.92,205.968,Comedy,37,475,74600,1,8.16
20.723,64.9,0.589,36829.65,96.9,7.375,7.48,7.315,7.595,529498,NO,169.16,244.464,Thriller,37,390,55800,0,8.16
21.653,82.84,0.563,34035.485,91.9,7.12,7.305,7.165,7.4,486691,YES,145.56,283.824,Thriller,46,485,47800,0,7.8
21.6398,82.84,0.563,33379.995,115.8,7.23,7.265,7.22,7.28,481269,NO,176.68,223.472,Drama,23,386,43400,0,7.8
22.5864,82.84,0.563,37096.29,104.6,6.9,7.135,6.965,7.08,534560,YES,139.44,204.576,Thriller,44,421,57200,1,8.8
21.0744,82.84,0.563,36379.695,124.5,6.89,7.125,6.865,7.195,479856,NO,208.84,204.336,Comedy,26,454,54200,0,7.8
22.8206,82.84,0.563,32163.45,131.5,6.72,6.85,6.825,6.965,405787,YES,152.12,223.248,Comedy,42,521,40600,1,7.8
21.2932,59.48,0.6,35246.475,93.6,6,6.165,5.985,6.195,517172,NO,189,263.6,Drama,48,369,45000,0,9.04
21.1122,59.48,0.6,39112.755,83.5,6.08,6.095,5.945,6.22,524749,YES,159.6,224.64,Drama,36,414,58000,0,8.04
20.8834,59.48,0.6,38168.405,120.9,5.955,6.16,6.055,6.175,503113,YES,181.92,223.968,Thriller,29,429,49600,1,9.04
20.7074,67.18,0.567,36607.45,113.9,7.185,7.4,7.25,7.175,456975,YES,198.8,243.52,Thriller,21,372,44000,0,8.78
21.8532,67.18,0.567,36079.725,91.9,7.1,7.4,7.16,7.36,495797,YES,158.56,224.224,Action,42,373,52800,1,8.78
22,67.18,0.567,38785.01,91.2,7.095,7.32,7.245,7.355,546989,NO,165.24,285.296,Comedy,34,511,66200,1,8.78
21.103,59.36,0.528,40195.98,114.6,7.95,8.02,7.955,8.03,525924,NO,138.44,205.776,Thriller,55,524,72200,1,7.32
21.0958,59.36,0.528,36751.88,131.6,8.185,8.475,8.175,8.425,462490,NO,131.36,304.544,Comedy,22,454,56800,0,7.32
21.5006,59.36,0.528,41218.1,145.4,8.345,8.54,8.36,8.555,497990,YES,213.36,245.344,Thriller,23,506,66800,0,7.32
20.9864,59.36,0.528,38046.195,143.8,8.36,8.555,8.345,8.375,490857,YES,209.28,244.512,Action,46,470,56400,0,8.32
29.8596,74.8,0.456,36857.425,156,8.215,8.38,8.295,8.475,539571,NO,143.12,223.648,Thriller,31,581,45600,1,7.32
26.988,74.8,0.456,33174.46,150.2,8.3,8.545,8.36,8.59,491345,YES,202.12,223.248,Comedy,51,568,40600,0,8.32
72.7096,74.8,0.456,27625.015,111.3,8.685,8.86,8.685,8.735,447032,NO,146.44,222.576,Thriller,27,562,32200,0,7.32
35.8082,74.8,0.456,34007.71,126.3,8.555,8.83,8.615,8.725,501252,YES,164.84,303.536,Thriller,46,558,44200,0,7.32
25.2338,74.8,0.456,33457.765,163.9,8.5,8.665,8.425,8.745,475124,YES,125.76,263.104,Comedy,26,535,38800,0,7.32
25.3876,74.8,0.456,34807.63,156.3,8.31,8.51,8.295,8.36,474736,YES,176.64,283.456,Comedy,33,543,43200,1,8.32
27.384,74.8,0.456,36479.685,160.8,8.04,8.345,8.1,8.305,483058,YES,191.52,263.808,Drama,56,544,47600,1,7.32
25.0712,74.8,0.456,31691.275,151.2,7.99,8.1,7.945,8.075,482381,NO,134.48,242.592,Thriller,58,559,32400,0,7.32
26.3654,74.8,0.456,32852.27,156.7,7.9,8.09,7.96,8.055,387823,NO,145.12,242.848,Thriller,43,520,35600,1,7.32
24.9044,74.8,0.456,32119.01,145.2,7.935,8.03,7.83,8.135,401740,NO,195.92,243.168,Thriller,50,471,39600,1,8.32
28.0404,74.8,0.456,35452.01,140.7,8.1,8.325,8.21,8.3,478332,NO,111.24,203.696,Comedy,53,515,46200,0,8.32
29.5094,74.8,0.456,33957.715,132.3,7.965,8.07,7.88,8.08,471282,NO,206.4,243.36,Action,36,542,42000,1,7.32
23.352,69.76,0.507,35696.43,125.8,7.63,7.84,7.615,7.83,510893,YES,135.52,263.808,Thriller,48,554,47600,0,8.08
23.6318,69.76,0.507,35418.68,127.8,7.575,7.81,7.595,7.94,484440,YES,155.24,283.696,Drama,40,470,46200,0,8.08
27.0228,69.76,0.507,33557.755,123.4,7.535,7.785,7.565,7.67,491464,NO,178.16,263.264,Comedy,40,457,40800,0,8.08
25.6784,69.76,0.507,31707.94,147.8,7.545,7.7,7.55,7.765,446743,YES,131.4,302.96,Comedy,25,501,37000,1,8.08
26.8218,69.76,0.507,35635.325,113.6,7.5,7.75,7.49,7.82,528887,NO,172,304,Thriller,52,474,50000,1,7.08
23.8372,69.76,0.507,35724.205,88.2,7.245,7.45,7.215,7.255,533713,NO,159.84,303.936,Comedy,45,454,49200,1,8.08
26.0694,69.76,0.507,35063.16,102.4,7.265,7.455,7.145,7.3,509852,YES,141.2,243.68,Thriller,36,485,46000,0,7.08
24.8206,69.76,0.507,33791.065,117.2,7.205,7.31,7.26,7.395,448684,NO,180.88,303.552,Comedy,27,509,44400,1,8.08
21.3234,61.48,0.54,32596.74,99.3,7.29,7.47,7.265,7.54,483140,YES,199.72,203.088,Drama,35,395,38600,1,8.62
21.3448,61.48,0.54,35179.815,90.7,7.32,7.46,7.275,7.515,483051,NO,111.04,283.616,Comedy,53,452,45200,0,8.62
20.9088,61.48,0.54,34129.92,105.7,6.99,7.225,7.05,6.985,465165,NO,187.92,223.168,Thriller,26,431,39600,0,7.62
21.0046,67.12,0.5621,31696.83,101.9,6.665,6.72,6.67,6.665,450203,NO,134.84,282.736,Drama,21,522,34200,0,8.62
20.6932,67.12,0.5621,33502.205,96.8,6.525,6.71,6.6,6.885,480695,YES,149.76,283.104,Comedy,22,518,38800,0,8.62
21.0166,65.38,0.485,35085.38,111.6,6.62,6.9,6.735,6.83,536791,NO,182.88,223.552,Comedy,34,499,44400,0,7.96
20.7476,65.38,0.485,35052.05,112,6.74,6.83,6.655,6.855,505077,YES,150.28,303.312,Action,53,555,41400,0,6.96
20.7922,65.38,0.485,33535.535,108,6.87,7.15,6.865,7.145,477685,YES,178.44,283.376,Comedy,57,506,42200,0,6.96
20.6854,65.38,0.485,32602.295,119.8,7.25,7.545,7.25,7.495,483878,NO,201.8,303.12,Thriller,53,447,39000,1,6.96
20.6082,65.38,0.485,32746.725,133.1,7.07,7.255,7.16,7.285,452920,YES,165.4,242.96,Thriller,21,567,37000,1,7.96
20.6612,65.38,0.485,33657.745,110.8,7.545,7.74,7.465,7.625,466294,YES,162.24,283.296,Thriller,26,535,41200,1,7.96
21.0994,65.38,0.485,33246.675,118.9,7.555,7.68,7.475,7.665,457316,NO,127.6,223.04,Drama,28,477,38000,1,6.96
21.2302,65.38,0.485,33152.24,132,7.47,7.62,7.515,7.77,459687,YES,129.48,262.992,Comedy,20,534,37400,1,7.96
20.2602,58.04,0.558,40223.755,122.8,6.34,6.52,6.41,6.655,516919,YES,125.08,265.232,Comedy,48,525,65400,1,8.9
20.4996,58.78,0.482,36329.7,133.2,6.77,6.895,6.705,7.095,494604,YES,146.6,222.64,Thriller,40,566,33000,0,7.82
20.5086,62.56,0.516,37196.28,129.9,6.985,7.19,7.08,7.28,480187,YES,179.56,303.824,Action,52,479,47800,0,7.48
20.6098,62.56,0.516,38185.07,101.6,6.645,6.91,6.665,6.85,534902,NO,212.48,224.992,Thriller,23,464,62400,0,8.48
20.6226,63.78,0.558,33407.77,122,5.88,6.045,5.885,6.165,494404,YES,143,262.8,Drama,26,507,35000,0,7.24
21.2324,63.78,0.558,32763.39,125.8,5.965,6.075,5.835,6.095,459385,NO,120.88,262.752,Thriller,46,441,34400,0,7.24
20.374,63.3,0.571,36196.38,101.2,5.565,5.855,5.71,5.795,485496,YES,163.24,243.696,Drama,47,385,46200,1,8.42
20.3002,59.02,0.565,36857.425,103.2,5.69,5.91,5.73,5.985,507911,YES,125.8,263.92,Comedy,45,490,49000,1,8.6
20.5798,57.5,0.571,38546.145,108,5.56,5.73,5.515,5.605,495540,YES,112.64,224.256,Comedy,30,393,53200,1,8.06
21.2422,57.5,0.571,36051.95,117.9,5.5,5.685,5.445,5.785,530639,NO,145.16,303.664,Thriller,55,389,45800,0,8.06
21.59,58.38,0.589,36546.345,109.4,4.51,4.785,4.575,4.705,528366,YES,111.64,203.856,Thriller,45,363,48200,1,7.34
21.4488,58.38,0.589,32685.62,92,4.585,4.725,4.515,4.75,500120,YES,147.44,222.976,Thriller,50,397,37200,1,8.34
20.3418,59.04,0.59,37374.04,109.6,3.84,4.035,3.84,4.03,502830,YES,122.04,244.816,Drama,40,474,60200,1,8.6
20.8602,58.82,0.587,31457.965,95.4,4.62,4.815,4.62,4.775,484954,NO,175.28,242.912,Comedy,34,470,36400,1,7.6
22.1318,58.82,0.587,32974.48,93,4.59,4.75,4.69,4.8,503151,NO,186.24,263.296,Thriller,53,444,41200,1,6.6
199.6592,91.2,0.23,34507.66,170.9,8.92,9.095,8.785,8.955,399154,NO,119.12,282.848,Comedy,39,773,35600,0,6.96
96.994,91.2,0.23,35524.225,164.5,8.585,8.775,8.69,8.94,465805,NO,140.68,263.472,Drama,56,756,43400,1,7.96
124.0354,91.2,0.23,34035.485,156.9,8.52,8.8,8.55,8.685,473168,NO,127.08,303.632,Action,42,767,45400,1,6.96
105.2262,91.2,0.23,33952.16,154.8,8.61,8.81,8.72,8.845,437945,NO,,283.616,Drama,26,743,45200,1,6.96
110.8384,91.2,0.23,35540.89,161.5,8.635,8.79,8.655,8.885,486963,NO,176,204,Comedy,37,673,50000,0,6.96
96.7368,91.2,0.23,34724.305,164.6,8.71,9.01,8.85,8.84,456314,YES,177.96,263.184,Thriller,56,733,39800,1,6.96
93.5644,91.2,0.23,29785.91,169.7,8.865,9.1,8.895,8.93,450482,NO,160.32,283.328,Drama,52,700,41600,1,6.96
104.4478,91.2,0.23,32235.665,162.5,9.01,9.15,9.015,9.015,439085,YES,194.72,302.688,Action,57,803,33600,1,7.96
89.4856,91.2,0.282,48772.9,156.4,9.015,9.145,9.04,8.99,493047,NO,160.76,243.504,Thriller,26,622,43800,0,6.96
111.1174,91.2,0.282,19781.355,161.4,9.185,9.225,9.16,9.205,527849,YES,161,244.4,Thriller,51,680,55000,1,6.96
93.939,91.2,0.282,27569.465,164.9,8.96,9.225,9.07,9.245,417956,NO,204.76,283.504,Drama,58,757,43800,1,7.96
290.444,91.2,0.369,21458.965,173.5,9.235,9.305,9.23,9.215,466467,NO,199.24,223.696,Drama,24,559,46200,1,7.96
117.9644,91.2,0.369,27608.35,173.5,9.265,9.445,9.24,9.385,549584,NO,194,268,Thriller,41,624,100000,1,7.96
133.3996,91.2,0.369,37124.065,170.3,9.225,9.36,9.175,9.53,513408,YES,134,308,Thriller,58,675,100000,1,7.96
150.7752,91.2,0.369,38973.88,171,9.3,9.54,9.4,9.36,523799,YES,202,248,Comedy,46,593,100000,1,6.96
204.646,91.2,0.369,34529.88,173.5,9.31,9.525,9.32,9.505,454281,YES,196,268,Comedy,25,609,100000,1,7.96
185.345,91.2,0.332,32635.625,163.1,9.435,9.495,9.375,9.44,464886,YES,216,248,Comedy,57,645,100000,1,6.96
242.162,91.2,0.332,27252.83,173.5,9.26,9.505,9.36,9.525,237541,YES,137.52,262.208,Comedy,56,611,27600,1,7.96
389.964,91.2,0.332,22986.59,173.5,9.27,9.48,9.425,9.55,215432,NO,141.52,262.208,Drama,35,712,27600,1,6.96
412.182,91.2,0.329,40623.715,171.4,9.19,9.345,9.195,9.635,440970,NO,178,302.4,Comedy,45,625,30000,0,7.96
325.76,91.2,0.329,36935.195,166.8,9.175,9.445,9.315,9.375,362344,YES,189.56,302.224,Comedy,26,705,27800,1,7.96
216.4698,91.2,0.329,37740.67,172.3,9.215,9.465,9.24,9.365,349344,YES,121.32,282.128,Comedy,22,691,26600,0,7.96
492.964,91.2,0.329,35440.9,169.7,9.24,9.39,9.235,9.365,359760,YES,185.24,282.096,Drama,54,632,26200,1,6.96
377.334,91.2,0.329,34568.765,173.5,9.26,9.435,9.26,9.27,353650,NO,158.08,221.632,Action,46,581,20400,0,7.96
1799.524,91.2,0.329,38707.24,165.4,9.17,9.43,9.155,9.41,417588,YES,188.16,281.664,Comedy,21,666,20800,0,6.96
337.488,91.2,0.329,36357.475,172.6,9.11,9.35,9.18,9.325,382857,NO,172.36,201.744,Action,60,582,21800,0,6.96
203.7404,91.2,0.3,30752.48,173.5,9.05,9.225,9.14,9.43,362581,YES,164.52,221.808,Thriller,46,607,22600,1,7.96
179.8496,91.2,0.3,30663.6,173.5,9.145,9.335,9.14,9.31,339764,NO,134.92,301.968,Drama,41,702,24600,1,7.96
421.698,91.2,0.3,24264.24,164.7,9.25,9.33,9.26,9.28,269764,NO,113.52,281.408,Thriller,25,626,17600,1,7.96
356.236,91.2,0.3,29313.735,171.6,9.27,9.385,9.19,9.3,267965,NO,202.88,261.152,Action,36,600,14400,1,6.96
507.876,91.2,0.3,25841.86,173.5,9.145,9.32,9.14,9.46,291349,YES,154.2,301.68,Thriller,34,597,21000,1,7.96
471.942,91.2,0.3,27775,163,9.105,9.26,9.115,9.48,276179,NO,166.96,301.184,Action,54,617,14800,1,7.96
306.674,91.2,0.3,27108.4,173.5,9.115,9.315,9.175,9.215,278464,NO,122.08,201.632,Drama,25,711,20400,1,6.96
183.0348,91.2,0.3,29941.45,172.4,9,9.25,9.025,9.265,369811,NO,120.6,241.84,Action,51,616,23000,1,7.96
159.243,91.2,0.3,31735.715,170.5,8.9,9.145,8.885,9.22,416162,YES,194.04,222.416,Thriller,20,711,30200,0,6.96
125.861,91.2,0.3,33613.305,156,8.915,9.045,8.76,8.94,412194,YES,193.28,203.712,Thriller,53,619,46400,1,7.96
251.558,91.2,0.3,27974.98,170.5,9.01,9.125,9.035,9.29,317358,NO,109.88,281.552,Comedy,51,686,19400,1,6.96
192.8952,91.2,0.307,34402.115,166.1,9.055,9.17,8.955,9.235,437541,NO,181.52,282.208,Thriller,55,628,27600,1,7.96
287.196,91.2,0.307,32702.285,168.2,9.005,9.23,8.97,9.23,420044,NO,135.08,302.032,Comedy,40,654,25400,1,7.96
194.335,91.2,0.307,35946.405,172.3,8.98,9.26,9.085,9.225,424127,NO,115.24,302.096,Action,29,712,26200,0,7.96
137.441,91.2,0.307,35579.775,169.5,9.115,9.18,9.1,9.255,390048,YES,109,222,Thriller,24,685,25000,0,6.96
173.4404,91.2,0.307,31924.585,172.4,9.135,9.23,9.125,9.24,384688,NO,185.4,281.36,Comedy,22,663,17000,0,6.96
787.036,91.2,0.307,30291.415,173.5,9.215,9.37,9.105,9.33,291101,NO,186,260.8,Drama,26,653,10000,1,6.96
218.331,91.2,0.307,32507.86,151.3,9.15,9.38,9.14,9.33,270691,NO,134.52,281.008,Thriller,42,613,12600,0,6.96
520.922,91.2,0.307,33257.785,173.5,9.135,9.31,9.04,9.335,308973,YES,184.24,220.896,Drama,30,618,11200,0,7.96
304.724,91.2,0.307,35235.365,173.5,9.12,9.33,9.095,9.305,374897,YES,146.88,201.152,Comedy,50,703,14400,0,7.96
211.9142,91.2,0.307,35574.22,173.5,9.17,9.32,9.115,9.12,359036,NO,108.84,281.936,Thriller,42,689,24200,0,7.96
516.034,91.2,0.307,29713.695,169.5,9.125,9.31,9.06,9.1,384237,YES,,301.328,Thriller,40,677,16600,0,6.96
850.584,91.2,0.307,30724.705,158.9,9.05,9.22,9.185,9.33,312011,NO,169.4,221.36,Comedy,56,615,17000,0,7.96
1378.416,91.2,0.307,31569.065,173.5,9.235,9.405,9.28,9.23,342621,YES,146,280.8,Thriller,38,654,10000,0,6.96
434.324,91.2,0.341,22986.59,173.5,9.27,9.495,9.3,9.58,352670,YES,170.76,281.904,Thriller,53,620,23800,0,6.96
259.022,91.2,0.341,31152.44,173.5,9.27,9.46,9.305,9.39,434373,YES,133.16,264.464,Thriller,26,672,55800,1,7.96
168.0778,91.2,0.403,31202.435,171.4,9.235,9.325,9.215,9.315,316479,NO,128.88,242.752,Thriller,25,528,34400,1,6.96
308.766,91.2,0.403,38062.86,173.5,9.24,9.36,9.26,9.21,399184,YES,153,284.4,Drama,57,566,55000,1,6.96
1042.716,91.2,0.403,31980.135,173.5,9.155,9.34,9.21,9.47,474055,NO,192,222.4,Thriller,52,617,30000,0,6.96
301.014,91.2,0.403,36979.635,173.5,9.22,9.295,9.17,9.26,353054,NO,192.88,282.752,Comedy,44,552,34400,1,7.96
396.22,91.2,0.403,25708.54,173.5,9.115,9.23,9.11,9.435,233720,NO,167.16,302.864,Comedy,40,587,35800,1,7.96
593.116,91.2,0.403,28636.025,173.5,9.08,9.315,9.195,9.235,375488,NO,132.52,282.608,Thriller,58,559,32600,1,7.96
934.922,91.2,0.307,25103.045,173.5,9.13,9.25,9.05,9.255,212912,YES,120.8,241.12,Thriller,40,693,14000,1,7.96
381.692,91.2,0.321,35740.87,173.5,9.06,9.125,9.08,9.065,302506,NO,172.88,221.152,Comedy,59,588,14400,1,6.96
236.684,91.2,0.321,37674.01,164.3,9.05,9.23,8.98,9.1,335532,YES,,201.2,Thriller,35,647,15000,0,7.96
538.812,91.2,0.321,29463.72,162.6,9.135,9.305,9.095,9.165,302776,YES,172.16,301.664,Action,60,589,20800,1,6.96
1490.682,91.2,0.321,33091.135,173.5,9.02,9.155,9.075,9.15,383325,NO,169.52,241.408,Comedy,52,680,17600,1,7.96
256.246,91.2,0.282,37907.32,150,8.975,9.105,8.96,9.375,362317,NO,119.36,261.344,Comedy,26,633,16800,0,7.96
241.748,91.2,0.282,35613.105,173.5,9.035,9.095,9.06,9.095,431269,YES,120.68,262.672,Action,48,649,33400,1,6.96
160.4518,91.2,0.282,33363.33,168.8,9.01,9.215,9.06,8.965,434982,NO,165.68,202.272,Comedy,29,756,28400,0,7.96
260.964,91.2,0.386,31374.64,161.1,8.935,9.03,8.9,9.23,455145,NO,178.32,223.328,Comedy,36,581,41600,0,7.96
161.0084,91.2,0.386,33902.165,158.6,8.96,9.1,8.83,9.065,340669,NO,165.36,1622.4,Drama,29,634,26800,1,7.96
195.8424,91.2,0.416,30913.575,144.1,8.87,9.005,8.81,9.185,398327,NO,156.68,221.872,Comedy,57,638,23400,0,6.96
337.206,91.2,0.321,32752.28,168.9,8.925,9.145,9.015,9.095,349335,YES,111.32,301.328,Drama,51,674,16600,1,7.96
264.944,91.2,0.416,32424.535,133.2,8.865,9.165,8.905,9.07,401981,NO,182.08,281.632,Comedy,33,558,20400,0,6.96
773.238,91.2,0.321,34452.11,152.2,8.965,9.17,8.94,9.2,439565,NO,150.36,221.744,Drama,42,663,21800,0,7.96
167.3422,91.2,0.321,34402.115,151.6,8.94,9.07,9.005,9.11,356325,YES,170.4,241.76,Thriller,45,679,22000,0,7.96
206.7778,91.2,0.321,35440.9,169.1,9.01,9.155,8.935,8.965,354854,YES,175.8,241.52,Comedy,52,641,19000,1,7.96
189.8426,91.2,0.416,35263.14,159.6,8.86,9.105,8.92,9.005,416738,NO,181.8,222.32,Thriller,53,637,29000,0,6.96
221.246,91.2,0.416,37957.315,167.8,8.95,9.055,8.865,8.955,388831,YES,133.64,282.256,Drama,29,547,28200,0,7.96
148.881,91.2,0.416,35690.875,148.3,8.8,9.04,8.83,8.93,458882,YES,174.44,202.576,Comedy,42,538,32200,0,7.96
131.6214,91.2,0.287,35751.98,161.4,8.83,8.885,8.8,8.85,418275,NO,123.72,202.288,Action,46,615,28600,1,7.96
298.268,91.2,0.287,34485.44,168.5,8.78,8.955,8.845,8.975,420282,NO,156.68,221.872,Comedy,37,749,23400,0,7.96
243.208,91.2,0.26,36824.095,168.1,8.925,9.015,8.93,8.88,338798,NO,203.36,242.144,Action,46,769,26800,1,7.96
308.416,91.2,0.26,35890.855,166.8,8.84,9.09,8.945,9.125,404986,YES,121.84,201.536,Thriller,57,702,19200,1,6.96
323.544,91.2,0.26,34174.36,173.5,8.995,9.07,9.015,9.095,321678,NO,197.28,221.312,Comedy,60,674,16400,0,6.96
293.562,91.2,0.26,32968.925,161.4,9.075,9.195,9.065,9.025,257073,YES,191.36,281.344,Comedy,57,712,16800,1,6.96
207.8126,91.2,0.26,31257.985,167.4,9.065,9.14,8.995,9.165,334563,YES,169.12,302.048,Comedy,50,731,25600,1,6.96
461.022,91.2,0.26,32318.99,165.9,8.985,9.17,9.02,9.095,360183,NO,,241.68,Comedy,38,753,21000,0,7.96
214.4836,91.2,0.26,35585.33,170.7,8.835,9.015,8.92,9.095,373307,YES,184.84,302.736,Action,58,775,34200,1,6.96
133.3274,91.2,0.26,34546.545,173.5,8.96,9.015,8.985,9.03,393382,NO,141.92,282.368,Thriller,54,772,29600,1,7.96
219.3308,91.2,0.26,36024.175,173.5,8.855,9.1,8.9,9.19,387633,NO,132.16,282.464,Thriller,21,670,30800,0,6.96
276.046,91.2,0.26,32518.97,170.1,9.035,9.105,8.965,9.1,346747,NO,110.32,241.728,Action,34,654,21600,1,7.96
233.436,91.2,0.26,35879.745,168.3,8.9,9.15,8.995,8.98,342695,YES,106.72,241.888,Thriller,28,762,23600,0,6.96
145.7614,91.2,0.26,35224.255,169.9,8.885,8.98,8.89,9.105,401882,NO,203.96,302.384,Comedy,41,707,29800,1,7.96
218.497,91.2,0.26,34724.305,170.1,8.745,8.995,8.885,8.98,397006,YES,195.04,222.016,Comedy,37,650,25200,0,7.96
206.5818,91.2,0.287,34357.675,172.2,8.785,8.9,8.815,8.98,416481,YES,181.64,262.256,Comedy,52,680,28200,1,6.96
170.5202,91.2,0.287,35646.435,171.8,8.75,8.945,8.905,9.03,400065,YES,161.2,242.08,Comedy,27,735,26000,1,6.96
154.3544,91.2,0.287,37490.695,166.1,8.8,8.945,8.815,8.8,401512,YES,181.36,262.144,Drama,59,614,26800,0,7.96
128.8228,91.2,0.287,36968.525,171.7,8.745,8.885,8.675,8.985,390279,YES,162.08,222.432,Comedy,41,614,30400,1,6.96
121.8034,91.2,0.287,34979.835,165.3,8.76,8.87,8.815,8.82,411619,NO,134.44,302.576,Comedy,21,646,32200,0,7.96
184.9618,91.2,0.287,41068.115,172.8,8.615,8.845,8.68,8.955,407077,YES,119.12,222.848,Thriller,42,692,35600,0,6.96
210.2726,91.2,0.287,37374.04,167.6,8.75,8.9,8.625,8.73,402950,NO,117.76,282.304,Thriller,34,661,28800,0,6.96
115.0474,91.2,0.287,36246.375,160,8.695,8.79,8.63,9.015,408819,NO,155.64,282.256,Thriller,36,620,28200,1,6.96
113.3766,91.2,0.287,33196.68,161.4,8.675,8.85,8.61,8.705,369607,NO,143.08,302.032,Thriller,31,638,25400,1,6.96
184.0116,91.2,0.287,32974.48,153.8,8.57,8.755,8.595,8.52,402267,NO,177.4,262.16,Comedy,46,749,27000,0,7.96
175.0446,91.2,0.287,35002.055,157.2,8.45,8.715,8.59,8.675,425095,NO,111.96,302.384,Thriller,39,650,29800,0,7.96
156.0234,91.2,0.287,33779.955,157.9,8.63,8.76,8.6,8.575,438369,YES,108,283.2,Drama,27,727,40000,1,7.96
116.2426,91.2,0.287,37224.055,163.5,8.55,8.81,8.685,8.76,401242,YES,188.56,242.624,Thriller,29,609,32800,0,7.96
93.8622,91.2,0.287,35418.68,161.9,8.59,8.885,8.705,8.69,416540,YES,197.08,262.832,Comedy,24,630,35400,0,7.96
153.0984,91.2,0.287,35090.935,156.5,8.48,8.785,8.6,8.665,455177,NO,117.8,303.12,Thriller,22,708,39000,1,7.96
136.423,91.2,0.287,36179.715,163.4,8.47,8.695,8.58,8.65,474433,YES,176.08,303.232,Comedy,30,752,40400,1,6.96
176.7864,91.2,0.345,34490.995,138.9,8.42,8.56,8.45,8.64,456948,NO,156.56,223.424,Action,55,577,42800,0,7.96
83.272,91.2,0.345,31991.245,121.7,8.37,8.595,8.365,8.54,431316,NO,199.96,243.184,Comedy,43,660,39800,1,6.96
95.4996,91.2,0.345,33063.36,158.2,8.435,8.73,8.46,8.63,389121,YES,167.6,203.04,Comedy,21,572,38000,0,7.96
108.4456,91.2,0.416,33346.665,168,8.68,8.895,8.575,8.77,354464,NO,189.64,263.056,Action,21,506,38200,1,7.96
331.514,91.2,0.42,32918.93,144.5,8.52,8.55,8.44,8.67,383739,NO,117.64,303.056,Comedy,28,494,38200,1,6.96
281.502,91.2,0.42,31735.715,130.2,8.49,8.705,8.44,8.715,437878,NO,126.04,263.216,Comedy,27,512,40200,0,6.96
106.9758,91.2,0.42,34257.685,157.5,8.39,8.515,8.47,8.555,399291,NO,111.96,243.184,Thriller,36,638,39800,0,7.96
100.7682,91.2,0.468,34602.095,164.2,8.36,8.605,8.415,8.425,455983,YES,173.84,263.136,Action,52,475,39200,1,6.96
91.3736,91.2,0.42,35757.535,148.5,8.48,8.685,8.495,8.55,421532,YES,169.28,303.712,Action,39,635,46400,1,7.96
112.9378,91.2,0.386,38773.9,141.1,8.615,8.825,8.73,8.765,469624,YES,147.92,304.768,Action,56,630,59600,1,6.96
181.1158,91.2,0.416,30146.985,168.9,8.695,8.835,8.72,8.895,418266,NO,181.52,222.208,Action,47,498,27600,1,7.96
147.8624,91.2,0.416,34229.91,170.9,8.75,8.915,8.75,9.175,348948,YES,181.32,222.128,Drama,27,631,26600,1,7.96
117.4282,91.2,0.386,36018.62,167.1,8.71,8.85,8.76,9.075,373575,YES,122.68,282.672,Thriller,22,567,33400,0,7.96
320.468,91.2,0.386,29463.72,170.8,8.86,9.005,8.795,9.135,340338,NO,186.8,301.92,Drama,39,620,24000,1,6.96
224.66,91.2,0.386,34357.675,170.2,8.855,9.01,8.82,8.975,382809,YES,105.84,302.336,Drama,60,653,29200,1,7.96
306.674,91.2,0.386,34602.095,161.5,8.865,9.09,8.96,9.185,457225,NO,122.56,203.424,Thriller,32,632,42800,0,6.96
136.4802,91.2,0.468,34674.31,138.2,8.26,8.31,8.14,8.445,471764,NO,171.2,263.68,Thriller,22,461,46000,1,6.96
134.1636,91.2,0.468,37496.25,148.4,8.28,8.37,8.31,8.38,488266,NO,139.48,303.792,Comedy,46,470,47400,0,7.96
134.6232,91.2,0.468,39223.855,150.5,8.165,8.335,8.27,8.41,517077,NO,110,224,Drama,29,584,50000,1,6.96
76.3676,91.2,0.468,32007.91,113.8,7.795,8.055,7.875,8.075,481869,NO,192.72,283.488,Action,57,483,43600,0,7.96
67.5714,91.2,0.417,32613.405,115.4,8.035,8.22,8.115,8.185,438045,YES,162.24,243.296,Drama,31,609,41200,1,7.96
93.4734,91.2,0.417,35063.16,125.4,7.985,8.075,7.965,7.995,465487,NO,180.48,263.392,Action,51,500,42400,1,7.96
133.835,91.2,0.417,33963.27,153.3,8.225,8.33,8.12,8.235,435929,YES,171.64,243.056,Comedy,57,596,38200,1,6.96
116.7134,91.2,0.417,32802.275,126.7,8.32,8.575,8.42,8.385,451515,NO,168.24,223.296,Comedy,44,621,41200,0,6.96
23.0172,110.48,0.391,30296.97,166.2,8.95,9.215,9.02,9.175,411264,NO,120.08,282.432,Comedy,28,605,30400,1,7.98
23.6674,110.48,0.391,30074.77,171.8,8.96,9.235,9.03,9.26,351221,NO,196.8,301.12,Comedy,29,659,14000,0,6.98
24.1492,110.48,0.391,28291.615,171.5,9.015,9.2,9.025,9.115,286130,YES,183.24,201.296,Action,49,628,16200,0,7.98
22.1148,110.48,0.391,33235.565,172.3,9.02,9.155,8.97,9.12,382738,NO,141.44,282.176,Comedy,47,563,27200,0,6.98
22.2264,110.48,0.391,33235.565,157,8.875,9.09,8.94,8.88,434825,YES,178.04,263.216,Thriller,57,623,40200,0,6.98
23.4662,74.38,0.415,31702.385,127.5,8.65,8.865,8.79,8.93,441556,YES,118.72,283.488,Thriller,31,581,43600,0,8.16
25.5914,74.38,0.415,32918.93,116.1,8.725,8.93,8.805,8.78,462430,YES,175.8,223.92,Thriller,47,546,49000,0,7.16
23.5798,74.38,0.415,31496.85,102.3,8.46,8.755,8.465,8.72,394787,NO,169.24,283.696,Action,55,556,46200,1,8.16
25.792,74.38,0.415,29941.45,146.4,8.57,8.695,8.51,8.63,380129,NO,,243.152,Thriller,44,611,39400,1,7.16
25.3676,74.38,0.415,32185.67,144.1,8.48,8.705,8.47,8.56,426044,YES,107.32,282.928,Drama,55,580,36600,1,7.16
24.7824,74.38,0.415,33435.545,138.8,8.66,8.875,8.71,8.94,450933,YES,116.48,283.392,Thriller,32,546,42400,1,7.16
23.5566,74.38,0.415,30935.795,147,8.77,8.805,8.755,8.87,414921,NO,197,282.8,Drama,47,635,35000,0,7.16
24.4876,74.38,0.415,33479.985,153.2,8.68,8.765,8.59,8.97,442908,NO,124.72,282.688,Drama,54,525,33600,1,7.16
21.2526,78.86,0.427,36624.115,142.6,8.68,8.775,8.62,8.97,492480,NO,186.96,243.584,Action,27,561,44800,0,6.8
20.9054,78.86,0.427,33996.6,150.2,8.78,8.945,8.77,8.93,482875,YES,132.24,263.296,Action,20,600,41200,0,7.8
21.2152,78.86,0.427,38751.68,164.5,8.83,8.97,8.855,9.01,532239,NO,109.56,243.824,Comedy,31,576,47800,0,7.8
22.1918,78.86,0.427,37740.67,162.8,8.73,8.845,8.8,8.845,496077,YES,158.8,303.52,Comedy,47,607,44000,0,6.8
20.9482,78.86,0.427,33496.65,154.3,8.64,8.88,8.68,8.79,518438,YES,205.6,203.04,Comedy,45,604,38000,0,6.8
